"oi","form","dose","freq","totaltable","status","dat","reason","remark","cid","id"
"Contrimoxazole","","480","","19",\N,\N,\N,\N,"P00000203122009","1901"
"Contrimoxazole","","480","","19",\N,\N,\N,\N,"P00000207092009","1901"
"Contrimoxazole","","480","","19",\N,\N,\N,\N,"P00000210082009","1901"
"Contrimoxazole","","480","","19",\N,\N,\N,\N,"P00000213102009","1901"
"Contrimoxazole","","480","","1",\N,\N,\N,\N,"P00000220072009","1901"
"Contrimoxazole","","480","","19",\N,\N,\N,\N,"P00000221102009","1901"
"Contrimoxazole","","480","","19",\N,\N,\N,\N,"P00000224082009","1901"
"Contrimoxazole","","480","","19",\N,\N,\N,\N,"P00000224112009","1901"
"Contrimoxazole","","480","","19",\N,\N,\N,\N,"P00000227072009","1901"
"Fluconazole","tap or cap","","bid","15",\N,\N,\N,\N,"P00000304082010","1901"
"Fluconazole","tap or cap","","bid","15",\N,\N,\N,\N,"P00000306092010","1901"
"Fluconazole","tap or cap","","bid","15",\N,\N,\N,\N,"P00000306102009","1901"
"Fluconazole","tap or cap","","bid","15",\N,\N,\N,\N,"P00000308042010","1901"
"Fluconazole","tap or cap","","bid","15",\N,\N,\N,\N,"P00000312022010","1901"
"Fluconazole","tap or cap","","bid","15",\N,\N,\N,\N,"P00000312082010","1901"
"Fluconazole","tap or cap","","bid","15",\N,\N,\N,\N,"P00000313092010","1901"
"Fluconazole","tap or cap","","bid","15",\N,\N,\N,\N,"P00000317082009","1901"
"Fluconazole","tap or cap","","bid","15",\N,\N,\N,\N,"P00000321062010","1901"
"Fluconazole","tap or cap","","bid","15",\N,\N,\N,\N,"P00000322082010","1901"
"Fluconazole","tap or cap","","bid","15",\N,\N,\N,\N,"P00000324072010","1901"
"Contrimoxazole","","","","",\N,\N,\N,\N,"P00000913102009","1901"
"Contrimoxazole","","480","bid","27",\N,\N,\N,\N,"P00000920082009","1901"
"Contrimoxazole","","","","",\N,\N,\N,\N,"P00000928092009","1901"
"Contrimoxazole","","480","","19",\N,\N,\N,\N,"P00000203122009","1901"
"Contrimoxazole","","480","","19",\N,\N,\N,\N,"P00000207092009","1901"
"Contrimoxazole","","480","","19",\N,\N,\N,\N,"P00000210082009","1901"
"Contrimoxazole","","480","","19",\N,\N,\N,\N,"P00000213102009","1901"
"Contrimoxazole","","480","","1",\N,\N,\N,\N,"P00000220072009","1901"
"Contrimoxazole","","480","","19",\N,\N,\N,\N,"P00000221102009","1901"
"Contrimoxazole","","480","","19",\N,\N,\N,\N,"P00000224082009","1901"
"Contrimoxazole","","480","","19",\N,\N,\N,\N,"P00000224112009","1901"
"Contrimoxazole","","480","","19",\N,\N,\N,\N,"P00000227072009","1901"
"Fluconazole","tap or cap","","bid","15",\N,\N,\N,\N,"P00000304082010","1901"
"Fluconazole","tap or cap","","bid","15",\N,\N,\N,\N,"P00000306092010","1901"
"Fluconazole","tap or cap","","bid","15",\N,\N,\N,\N,"P00000306102009","1901"
"Fluconazole","tap or cap","","bid","15",\N,\N,\N,\N,"P00000308042010","1901"
"Fluconazole","tap or cap","","bid","15",\N,\N,\N,\N,"P00000312022010","1901"
"Fluconazole","tap or cap","","bid","15",\N,\N,\N,\N,"P00000312082010","1901"
"Fluconazole","tap or cap","","bid","15",\N,\N,\N,\N,"P00000313092010","1901"
"Fluconazole","tap or cap","","bid","15",\N,\N,\N,\N,"P00000317082009","1901"
"Fluconazole","tap or cap","","bid","15",\N,\N,\N,\N,"P00000321062010","1901"
"Fluconazole","tap or cap","","bid","15",\N,\N,\N,\N,"P00000322082010","1901"
"Fluconazole","tap or cap","","bid","15",\N,\N,\N,\N,"P00000324072010","1901"
"Contrimoxazole","","","","",\N,\N,\N,\N,"P00000913102009","1901"
"Contrimoxazole","","480","bid","27",\N,\N,\N,\N,"P00000920082009","1901"
"Contrimoxazole","","","","",\N,\N,\N,\N,"P00000928092009","1901"
"Contrimoxazole","","480","","19",\N,\N,\N,\N,"P00000203122009","1901"
"Contrimoxazole","","480","","19",\N,\N,\N,\N,"P00000207092009","1901"
"Contrimoxazole","","480","","19",\N,\N,\N,\N,"P00000210082009","1901"
"Contrimoxazole","","480","","19",\N,\N,\N,\N,"P00000213102009","1901"
"Contrimoxazole","","480","","1",\N,\N,\N,\N,"P00000220072009","1901"
"Contrimoxazole","","480","","19",\N,\N,\N,\N,"P00000221102009","1901"
"Contrimoxazole","","480","","19",\N,\N,\N,\N,"P00000224082009","1901"
"Contrimoxazole","","480","","19",\N,\N,\N,\N,"P00000224112009","1901"
"Contrimoxazole","","480","","19",\N,\N,\N,\N,"P00000227072009","1901"
"Fluconazole","tap or cap","","bid","15",\N,\N,\N,\N,"P00000304082010","1901"
"Fluconazole","tap or cap","","bid","15",\N,\N,\N,\N,"P00000306092010","1901"
"Fluconazole","tap or cap","","bid","15",\N,\N,\N,\N,"P00000306102009","1901"
"Fluconazole","tap or cap","","bid","15",\N,\N,\N,\N,"P00000308042010","1901"
"Fluconazole","tap or cap","","bid","15",\N,\N,\N,\N,"P00000312022010","1901"
"Fluconazole","tap or cap","","bid","15",\N,\N,\N,\N,"P00000312082010","1901"
"Fluconazole","tap or cap","","bid","15",\N,\N,\N,\N,"P00000313092010","1901"
"Fluconazole","tap or cap","","bid","15",\N,\N,\N,\N,"P00000317082009","1901"
"Fluconazole","tap or cap","","bid","15",\N,\N,\N,\N,"P00000321062010","1901"
"Fluconazole","tap or cap","","bid","15",\N,\N,\N,\N,"P00000322082010","1901"
"Fluconazole","tap or cap","","bid","15",\N,\N,\N,\N,"P00000324072010","1901"
"Contrimoxazole","","","","",\N,\N,\N,\N,"P00000913102009","1901"
"Contrimoxazole","","480","bid","27",\N,\N,\N,\N,"P00000920082009","1901"
"Contrimoxazole","","","","",\N,\N,\N,\N,"P00000928092009","1901"
"Contrimoxazole","","480","","19",\N,\N,\N,\N,"P00000203122009","1901"
"Contrimoxazole","","480","","19",\N,\N,\N,\N,"P00000207092009","1901"
"Contrimoxazole","","480","","19",\N,\N,\N,\N,"P00000210082009","1901"
"Contrimoxazole","","480","","19",\N,\N,\N,\N,"P00000213102009","1901"
"Contrimoxazole","","480","","1",\N,\N,\N,\N,"P00000220072009","1901"
"Contrimoxazole","","480","","19",\N,\N,\N,\N,"P00000221102009","1901"
"Contrimoxazole","","480","","19",\N,\N,\N,\N,"P00000224082009","1901"
"Contrimoxazole","","480","","19",\N,\N,\N,\N,"P00000224112009","1901"
"Contrimoxazole","","480","","19",\N,\N,\N,\N,"P00000227072009","1901"
"Fluconazole","tap or cap","","bid","15",\N,\N,\N,\N,"P00000304082010","1901"
"Fluconazole","tap or cap","","bid","15",\N,\N,\N,\N,"P00000306092010","1901"
"Fluconazole","tap or cap","","bid","15",\N,\N,\N,\N,"P00000306102009","1901"
"Fluconazole","tap or cap","","bid","15",\N,\N,\N,\N,"P00000308042010","1901"
"Fluconazole","tap or cap","","bid","15",\N,\N,\N,\N,"P00000312022010","1901"
"Fluconazole","tap or cap","","bid","15",\N,\N,\N,\N,"P00000312082010","1901"
"Fluconazole","tap or cap","","bid","15",\N,\N,\N,\N,"P00000313092010","1901"
"Fluconazole","tap or cap","","bid","15",\N,\N,\N,\N,"P00000317082009","1901"
"Fluconazole","tap or cap","","bid","15",\N,\N,\N,\N,"P00000321062010","1901"
"Fluconazole","tap or cap","","bid","15",\N,\N,\N,\N,"P00000322082010","1901"
"Fluconazole","tap or cap","","bid","15",\N,\N,\N,\N,"P00000324072010","1901"
"Contrimoxazole","","","","",\N,\N,\N,\N,"P00000913102009","1901"
"Contrimoxazole","","480","bid","27",\N,\N,\N,\N,"P00000920082009","1901"
"Contrimoxazole","","","","",\N,\N,\N,\N,"P00000928092009","1901"
"Contrimoxazole","","480","","19",\N,\N,\N,\N,"P00000203122009","1901"
"Contrimoxazole","","480","","19",\N,\N,\N,\N,"P00000207092009","1901"
"Contrimoxazole","","480","","19",\N,\N,\N,\N,"P00000210082009","1901"
"Contrimoxazole","","480","","19",\N,\N,\N,\N,"P00000213102009","1901"
"Contrimoxazole","","480","","1",\N,\N,\N,\N,"P00000220072009","1901"
"Contrimoxazole","","480","","19",\N,\N,\N,\N,"P00000221102009","1901"
"Contrimoxazole","","480","","19",\N,\N,\N,\N,"P00000224082009","1901"
"Contrimoxazole","","480","","19",\N,\N,\N,\N,"P00000224112009","1901"
"Contrimoxazole","","480","","19",\N,\N,\N,\N,"P00000227072009","1901"
"Fluconazole","tap or cap","","bid","15",\N,\N,\N,\N,"P00000304082010","1901"
"Fluconazole","tap or cap","","bid","15",\N,\N,\N,\N,"P00000306092010","1901"
"Fluconazole","tap or cap","","bid","15",\N,\N,\N,\N,"P00000306102009","1901"
"Fluconazole","tap or cap","","bid","15",\N,\N,\N,\N,"P00000308042010","1901"
"Fluconazole","tap or cap","","bid","15",\N,\N,\N,\N,"P00000312022010","1901"
"Fluconazole","tap or cap","","bid","15",\N,\N,\N,\N,"P00000312082010","1901"
"Fluconazole","tap or cap","","bid","15",\N,\N,\N,\N,"P00000313092010","1901"
"Fluconazole","tap or cap","","bid","15",\N,\N,\N,\N,"P00000317082009","1901"
"Fluconazole","tap or cap","","bid","15",\N,\N,\N,\N,"P00000321062010","1901"
"Fluconazole","tap or cap","","bid","15",\N,\N,\N,\N,"P00000322082010","1901"
"Fluconazole","tap or cap","","bid","15",\N,\N,\N,\N,"P00000324072010","1901"
"Contrimoxazole","","","","",\N,\N,\N,\N,"P00000913102009","1901"
"Contrimoxazole","","480","bid","27",\N,\N,\N,\N,"P00000920082009","1901"
"Contrimoxazole","","","","",\N,\N,\N,\N,"P00000928092009","1901"
