"clinicid","datevisit","dob","sex","addguardian","house","street","grou","village","commune","district","province","phone","namecontps1","contaddress1","contphone1","namecontps2","contaddress2","contphone2","childstatus","fatherstatus","motherstatus","education","refer","hbcteam","ftesdate","fage","foption","fresult","stestdate","sage","soption","sresult","offyesno","officein","datearv","arvnumber","tbpastmedical","vaccinat","infantnutrit","previousarv","precontrimoxazole","prefluconzazole","pretranditional","drugallergy","id"
"9F239663180F71","9641F4AA5879844FCD1C15DCAAD2726B5BE44E","1999-01-01 00:00:00","Female","","","","","Reacheanukoul","Stueng Treng","Stueng Treng","Stung Treng","017864724","","","","","","","Mother Deceased","","","Primary","PMTCT","","1900-01-01 00:00:00","0","","","1900-01-01 00:00:00","0","","","","","1900-01-01 00:00:00","","","","","","","","","","1901"
"9F239663180FF2","9641F4AA5879844FA89A1CD5A3DB7B6252ED47","1996-01-01 00:00:00","Female","","","","","","Ta Veang Kraom","Ta Veang","Rattanakiri","","","","","","","","","","","Primary","","","2009-03-23 00:00:00","0","Antibody Test","Positive","1900-01-01 00:00:00","0","","","","","1900-01-01 00:00:00","","","","","","","","","","1901"
"9F239663180FD1","9641F4AA5879A748021A13DAACD4746D5DE248","2006-04-09 00:00:00","Male","","","","","Srae Krasang","Sre Krasang","Siem Bok","Stung Treng","","","","","","","","","","","","","","1900-01-01 00:00:00","0","","","1900-01-01 00:00:00","0","","","","","1900-01-01 00:00:00","","","","","","","","","","1901"
"9F239663180FE3","9641F4AA5879864903811DD4A2DA7A6353EC46","2007-01-01 00:00:00","Female","Father","","","","Reacheanukoul","Stueng Treng","Stueng Treng","Stung Treng","011766947","","","","","","","","Military/Police","Housewife","","","","1900-01-01 00:00:00","0","","","1900-01-01 00:00:00","0","","","","","1900-01-01 00:00:00","","","","","","","","","","1901"
"9F239663180F2F","9641F4AA58798649CB791BD2A4DC7C6555EA40","2001-01-01 00:00:00","Female","Father","","","","Ka Choun Leu","Ka Choun","Ven Sai","Rattanakiri","","Orn Nat","Ka Choun Village","099 68 99 78","","","","Father Deceased","","","Primary","","","2009-01-15 00:00:00","0","Antibody Test","Positive","1900-01-01 00:00:00","0","","","","","1900-01-01 00:00:00","","","","","","","","","","1901"
"9F239663180F77","9641F4AA58799B4AAD9F19D0A6DE7E6757E842","1998-01-01 00:00:00","Female","","","","","Ou Trael","Thala","Thala Barivat","Stung Treng","","Nun Sopong","Ou Trael Village","011 76 46 33","","","","Bother Parent Deceased","","","Primary","Self referal","","2008-01-01 00:00:00","10","Antibody Test","Positive","2008-01-01 00:00:00","10","HIV PCR","Positive","Yes","KCM Hospital","2008-01-01 00:00:00","P030100267","Unknown","Uknown","Exclusive formula milk","Yes","Yes","Yes","No","","1901"
"9F23966318C7DD","9641F4AA5879954B018D1ED7A1D9796050EF45","2000-01-01 00:00:00","Female","Father","","","","Phchul","Koh Sralay","Siem Bok","Stung Treng","","","","","","","","","Farmer","Farmer","","Hospital","","1900-01-01 00:00:00","0","","","1900-01-01 00:00:00","0","","","Yes","","2006-06-07 00:00:00","P190100004","","","","Yes","","","","","1901"
